{"nodes":[{"nodeID":"62","text":"Bombings are located in a region R","type":"EventDescription","timestamp":"2021-01-25 13:27:05"},
          {"nodeID":"63","text":"Islamists have carried out bombs to region R","type":"EventDescription","timestamp":"2021-01-25 13:27:05"},
          {"nodeID":"64","text":"Radicals move to region R","type":"EventDescription","timestamp":"2021-01-25 13:27:05"},
          {"nodeID":"65","text":"Islamists have been displaced to region R","type":"EventDescription","timestamp":"2021-01-25 13:27:05"},
          {"nodeID":"66","text":"Region R is a jihadist point","type":"EventDescription","timestamp":"2021-01-25 13:27:05"}, 
          {"nodeID":"67","text":"Person X is proven to be related to islamic routes","type":"EventDescription","timestamp":"2021-01-25 13:27:05"}, 
          {"nodeID":"68","text":"Person X is attempting to make connections with islamist groups","type":"EventDescription","timestamp":"2021-01-25 13:27:05"}, 
          
          {"nodeID": "E62", "type": "Event", "name": "bombing location", "circa": "", "inSpace": "", "involvedAgent": "", "involved": "", "atTime": "", "atPlace": "", "illustrate": ""},
          {"nodeID": "E63", "type": "Event", "name": "bombs carrying out", "circa": "", "inSpace": "", "involvedAgent": "", "involved": "", "atTime": "", "atPlace": "", "illustrate": ""},
          {"nodeID": "E64", "type": "Event", "name": "radicals movement", "circa": "", "inSpace": "", "involvedAgent": "", "involved": "", "atTime": "", "atPlace": "", "illustrate": ""}, 
          {"nodeID": "E65", "type": "Event", "name": "islamists displacement", "circa": "", "inSpace": "", "involvedAgent": "", "involved": "", "atTime": "", "atPlace": "", "illustrate": ""}, 
          {"nodeID": "E66", "type": "Event", "name": "jihadist point", "circa": "", "inSpace": "", "involvedAgent": "", "involved": "", "atTime": "", "atPlace": "", "illustrate": ""}, 
          {"nodeID": "E67", "type": "Event", "name": "relation to islamic routes", "circa": "", "inSpace": "", "involvedAgent": "", "involved": "", "atTime": "", "atPlace": "", "illustrate": ""}, 
          {"nodeID": "E68", "type": "Event", "name": "connection to islamic group", "circa": "", "inSpace": "", "involvedAgent": "", "involved": "", "atTime": "", "atPlace": "", "illustrate": ""}, 
         ],

 "edges":[{"edgeID":"ee104","fromID":"62","toID":"E62","formEdgeID":null,"text": "describes"},
          {"edgeID":"ee105","fromID":"63","toID":"E63","formEdgeID":null,"text": "describes"},{"edgeID":"ee106","fromID":"64","toID":"E64","formEdgeID":null,"text": "describes"},
          {"edgeID":"ee107","fromID":"65","toID":"E65","formEdgeID":null,"text": "describes"},
          {"edgeID":"ee108","fromID":"67","toID":"E67","formEdgeID":null,"text": "describes"},
          {"edgeID":"ee109","fromID":"68","toID":"E68","formEdgeID":null,"text": "describes"}
         ],
 
 "locutions":[]}