{"nodes":[{"nodeID":"45","text":"Person X posseses militant equipment","type":"EventDescription","timestamp":"2021-01-25 13:27:05"},
          {"nodeID":"46","text":"Person X posseses documents about a terrorist group","type":"EventDescription","timestamp":"2021-01-25 13:27:05"},
          {"nodeID":"47","text":"Person X is a foreign fighter","type":"EventDescription","timestamp":"2021-01-25 13:27:05"},
          {"nodeID":"48","text":"Person X attempts to erase evidence of guilt","type":"EventDescription","timestamp":"2021-01-25 13:27:05"},
          {"nodeID":"49","text":"Person X has been alerted","type":"EventDescription","timestamp":"2021-01-25 13:27:05"}, 
          {"nodeID":"50","text":"No evidence about the person who alerted Person X","type":"EventDescription","timestamp":"2021-01-25 13:27:05"}, 
          {"nodeID":"51","text":"Person X has not been alerted","type":"EventDescription","timestamp":"2021-01-25 13:27:05"},
    
          
          {"nodeID": "E45", "type": "Event", "name": "possession", "circa": "", "inSpace": "", "involvedAgent": "", "involved": "militant equipment", "atTime": "", "atPlace": "", "illustrate": ""},
          {"nodeID": "E46", "type": "Event", "name": "possession", "circa": "", "inSpace": "", "involvedAgent": "", "involved": "documents about a terrorist group", "atTime": "", "atPlace": "", "illustrate": ""},
          {"nodeID": "E47", "type": "Event", "name": "being foreign fighter", "circa": "", "inSpace": "", "involvedAgent": "", "involved": "", "atTime": "", "atPlace": "", "illustrate": ""}, 
          {"nodeID": "E48", "type": "Event", "name": "evidence erasing", "circa": "", "inSpace": "", "involvedAgent": "", "involved": "", "atTime": "", "atPlace": "", "illustrate": ""}, 
          {"nodeID": "E49", "type": "Event", "name": "alert", "circa": "", "inSpace": "", "involvedAgent": "", "involved": "", "atTime": "", "atPlace": "", "illustrate": ""}, 
          {"nodeID": "E50", "type": "Event", "name": "lack of evidence", "circa": "", "inSpace": "", "involvedAgent": "", "involved": "alert person", "atTime": "", "atPlace": "", "illustrate": ""}, 
          {"nodeID": "E51", "type": "Event", "name": "lack of alert", "circa": "", "inSpace": "", "involvedAgent": "", "involved": "", "atTime": "", "atPlace": "", "illustrate": ""}, 
         ],

 "edges":[{"edgeID":"ee88","fromID":"45","toID":"E45","formEdgeID":null,"text": "describes"},
          {"edgeID":"ee89","fromID":"46","toID":"E46","formEdgeID":null,"text": "describes"},{"edgeID":"ee90","fromID":"47","toID":"E47","formEdgeID":null,"text": "describes"},
          {"edgeID":"ee91","fromID":"48","toID":"E48","formEdgeID":null,"text": "describes"},
          {"edgeID":"ee92","fromID":"49","toID":"E49","formEdgeID":null,"text": "describes"}],
 
 "locutions":[]}