{"nodes":[{"nodeID":"75","text":"Person X is related to islamic groups","type":"EventDescription","timestamp":"2021-01-25 13:27:05"},
          {"nodeID":"76","text":"Person X attempts to erase evidence of guilt","type":"EventDescription","timestamp":"2021-01-25 13:27:05"},
          {"nodeID":"77","text":"Person X possesses documents about extremist groups","type":"EventDescription","timestamp":"2021-01-25 13:27:05"},
          {"nodeID":"78","text":"Person X is a militant","type":"EventDescription","timestamp":"2021-01-25 13:27:05"},
          {"nodeID":"79","text":"Person X is a low-level foreign fighter","type":"EventDescription","timestamp":"2021-01-25 13:27:05"}, 
          {"nodeID":"80","text":"Person X is tasked to scout transit routes","type":"EventDescription","timestamp":"2021-01-25 13:27:05"}, 
          {"nodeID":"81","text":"Person X is tasked to recruiting new militants","type":"EventDescription","timestamp":"2021-01-25 13:27:05"}, 
          {"nodeID":"82","text":"Lack of evidence about relation between persons X and Y","type":"EventDescription","timestamp":"2021-01-25 13:27:05"}, 
          {"nodeID":"83","text":"There is no recruitment between persons X and Y","type":"EventDescription","timestamp":"2021-01-25 13:27:05"}, 
          
          {"nodeID": "E75", "type": "Event", "name": "connection to islamic group", "circa": "", "inSpace": "", "involvedAgent": "", "involved": "", "atTime": "", "atPlace": "", "illustrate": ""},
          {"nodeID": "E76", "type": "Event", "name": "evidence erasing", "circa": "", "inSpace": "", "involvedAgent": "", "involved": "", "atTime": "", "atPlace": "", "illustrate": ""},
          {"nodeID": "E77", "type": "Event", "name": "possession", "circa": "", "inSpace": "", "involvedAgent": "", "involved": "documents about extremist groups", "atTime": "", "atPlace": "", "illustrate": ""}, 
          {"nodeID": "E78", "type": "Event", "name": "being militant", "circa": "", "inSpace": "", "involvedAgent": "", "involved": "", "atTime": "", "atPlace": "", "illustrate": ""}, 
          {"nodeID": "E79", "type": "Event", "name": "being a low-level foreign fighter", "circa": "", "inSpace": "", "involvedAgent": "", "involved": "", "atTime": "", "atPlace": "", "illustrate": ""}, 
          {"nodeID": "E80", "type": "Event", "name": "tasked to scout transit routes", "circa": "", "inSpace": "", "involvedAgent": "", "involved": "", "atTime": "", "atPlace": "", "illustrate": ""}, 
          {"nodeID": "E81", "type": "Event", "name": "tasked to recruiting new militants", "circa": "", "inSpace": "", "involvedAgent": "", "involved": "", "atTime": "", "atPlace": "", "illustrate": ""}, 
          {"nodeID": "E82", "type": "Event", "name": "lack of evidence", "circa": "", "inSpace": "", "involvedAgent": "", "involved": "relation between persons X and Y", "atTime": "", "atPlace": "", "illustrate": ""}, 
          {"nodeID": "E83", "type": "Event", "name": "no recruitement", "circa": "", "inSpace": "", "involvedAgent": "", "involved": "", "atTime": "", "atPlace": "", "illustrate": ""}, 
         ],

 "edges":[{"edgeID":"ee125","fromID":"75","toID":"E75","formEdgeID":null,"text": "describes"},
          {"edgeID":"ee126","fromID":"76","toID":"E76","formEdgeID":null,"text": "describes"},{"edgeID":"ee127","fromID":"77","toID":"E77","formEdgeID":null,"text": "describes"},
          {"edgeID":"ee128","fromID":"78","toID":"E78","formEdgeID":null,"text": "describes"},
          {"edgeID":"ee129","fromID":"79","toID":"E79","formEdgeID":null,"text": "describes"},
          {"edgeID":"ee130","fromID":"80","toID":"E80","formEdgeID":null,"text": "describes"},
          {"edgeID":"ee131","fromID":"81","toID":"E81","formEdgeID":null,"text": "describes"},
          {"edgeID":"ee132","fromID":"82","toID":"E82","formEdgeID":null,"text": "describes"},
          {"edgeID":"ee133","fromID":"83","toID":"E83","formEdgeID":null,"text": "describes"}
         ],
 
 "locutions":[]}