{"nodes":[{"nodeID":"96","text":"There is lack of evidence about Person's X guilt","type":"EventDescription","timestamp":"2021-01-25 13:27:05"},
          {"nodeID":"97","text":"Person X erased evidence of guilt","type":"EventDescription","timestamp":"2021-01-25 13:27:05"},
          {"nodeID":"98","text":"Person X is tasked to recruiting new militants","type":"EventDescription","timestamp":"2021-01-25 13:27:05"},
          {"nodeID":"99","text":"Person X is related to Person Y","type":"EventDescription","timestamp":"2021-01-25 13:27:05"},
          {"nodeID":"100","text":"X is recruiting Y","type":"EventDescription","timestamp":"2021-01-25 13:27:05"},
          
          
          {"nodeID": "E96", "type": "Event", "name": "lack of evidence", "circa": "", "inSpace": "", "involvedAgent": "", "involved": "person's guilt", "atTime": "", "atPlace": "", "illustrate": ""},
          {"nodeID": "E97", "type": "Event", "name": "evidence erasing", "circa": "", "inSpace": "", "involvedAgent": "", "involved": "", "atTime": "", "atPlace": "", "illustrate": ""},
          {"nodeID": "E98", "type": "Event", "name": "tasked to recruiting new militants", "circa": "", "inSpace": "", "involvedAgent": "", "involved": "", "atTime": "", "atPlace": "", "illustrate": ""}, 
          {"nodeID": "E99", "type": "Event", "name": "personal relation", "circa": "", "inSpace": "", "involvedAgent": "X", "involvedAgent": "Y", "involved": "", "atTime": "", "atPlace": "", "illustrate": ""}, 
          {"nodeID": "E100", "type": "Event", "name": "recruitment", "circa": "", "inSpace": "", "involvedAgent": "X", "involvedAgent": "Y", "involved": "", "atTime": "", "atPlace": "", "illustrate": ""}
         ],

 "edges":[{"edgeID":"ee141","fromID":"96","toID":"E96","formEdgeID":null,"text": "describes"},
          {"edgeID":"ee142","fromID":"97","toID":"E97","formEdgeID":null,"text": "describes"},{"edgeID":"ee143","fromID":"98","toID":"E98","formEdgeID":null,"text": "describes"},
          {"edgeID":"ee144","fromID":"99","toID":"E99","formEdgeID":null,"text": "describes"},
          {"edgeID":"ee145","fromID":"100","toID":"E100","formEdgeID":null,"text": "describes"}
         ],
 
 "locutions":[]}