{"nodes":[{"nodeID":"105","text":"Person X possesses stuff related to sports","type":"EventDescription","timestamp":"2021-01-25 13:27:05"},
          {"nodeID":"106","text":"Stuff of person X is related to sightseeing holiday","type":"EventDescription","timestamp":"2021-01-25 13:27:05"},
          {"nodeID":"107","text":"Person X is not involved in militant activities","type":"EventDescription","timestamp":"2021-01-25 13:27:05"},
          {"nodeID":"108","text":"There is lack of extremist motivation from Person X","type":"EventDescription","timestamp":"2021-01-25 13:27:05"},
          {"nodeID":"109","text":"Person X does not posses militant equipment","type":"EventDescription","timestamp":"2021-01-25 13:27:05"},
          {"nodeID":"110","text":"Militant evidence are found in person X's phone","type":"EventDescription","timestamp":"2021-01-25 13:27:05"},
          {"nodeID":"111","text":"Person X is involved in militant activities","type":"EventDescription","timestamp":"2021-01-25 13:27:05"}, 
          {"nodeID":"112","text":"Persons X and Y are present at the same place during the same period","type":"EventDescription","timestamp":"2021-01-25 13:27:05"},
          {"nodeID":"113","text":"Co-presence of persons X and Y are present at the same place during the same period is a coincidence","type":"EventDescription","timestamp":"2021-01-25 13:27:05"},
          {"nodeID":"114","text":"Person X is attempting to recruit Y","type":"EventDescription","timestamp":"2021-01-25 13:27:05"},
          {"nodeID":"115","text":"Persons X and Y possess documents about the same islamic group","type":"EventDescription","timestamp":"2021-01-25 13:27:05"},
          {"nodeID":"116","text":"There are conversations between persons X and Y","type":"EventDescription","timestamp":"2021-01-25 13:27:05"},
          {"nodeID":"117","text":"Person X possesses a Koran","type":"EventDescription","timestamp":"2021-01-25 13:27:05"},
          {"nodeID":"118","text":"Person X is a Muslim","type":"EventDescription","timestamp":"2021-01-25 13:27:05"},
          
          
          {"nodeID": "E105", "type": "Event", "name": "possession", "circa": "", "inSpace": "", "involvedAgent": "", "involved": "sports stuff", "atTime": "", "atPlace": "", "illustrate": ""},
          {"nodeID": "E106", "type": "Event", "name": "sightseeing holidays", "circa": "", "inSpace": "", "involvedAgent": "", "involved": "", "atTime": "", "atPlace": "", "illustrate": ""},
          {"nodeID": "E107", "type": "Event", "name": "no involvement in militant activities", "circa": "", "inSpace": "", "involvedAgent": "", "involved": "", "atTime": "", "atPlace": "", "illustrate": ""}, 
          {"nodeID": "E108", "type": "Event", "name": "lack of evidence", "circa": "", "inSpace": "", "involvedAgent": "", "involved": "extremist motivation", "atTime": "", "atPlace": "", "illustrate": ""}, 
          {"nodeID": "E109", "type": "Event", "name": "no possession", "circa": "", "inSpace": "", "involvedAgent": "", "involved": "militant equipment", "atTime": "", "atPlace": "", "illustrate": ""}, 
          {"nodeID": "E110", "type": "Event", "name": "possession", "circa": "", "inSpace": "", "involvedAgent": "", "involved": "militant evidence", "involved": "phone", "atTime": "", "atPlace": "", "illustrate": ""}, 
          {"nodeID": "E111", "type": "Event", "name": "involvement in militant activities", "circa": "", "inSpace": "", "involvedAgent": "", "involved": "", "atTime": "", "atPlace": "", "illustrate": ""}, 
          {"nodeID": "E112", "type": "Event", "name": "co-presence", "circa": "", "inSpace": "", "involvedAgent": "", "involved": "", "atTime": "", "atPlace": "", "illustrate": ""}, 
          {"nodeID": "E113", "type": "Event", "name": "coincidence", "circa": "", "inSpace": "", "involvedAgent": "", "involved": "", "atTime": "", "atPlace": "", "illustrate": ""}, 
          {"nodeID": "E114", "type": "Event", "name": "recruitment", "circa": "", "inSpace": "", "involvedAgent": "X","involvedAgent": "Y", "involved": "", "atTime": "", "atPlace": "", "illustrate": ""}, 
          {"nodeID": "E115", "type": "Event", "name": "possession", "circa": "", "inSpace": "", "involvedAgent": "X", "involvedAgent": "Y", "involved": "documents about islamic group", "atTime": "", "atPlace": "", "illustrate": ""}, 
          {"nodeID": "E116", "type": "Event", "name": "conversation", "circa": "", "inSpace": "", "involvedAgent": "X", "involvedAgent": "Y", "involved": "", "atTime": "", "atPlace": "", "illustrate": ""}, 
          {"nodeID": "E117", "type": "Event", "name": "possession", "circa": "", "inSpace": "", "involvedAgent": "", "involved": "Koran", "atTime": "", "atPlace": "", "illustrate": ""}, 
          {"nodeID": "E118", "type": "Event", "name": "being Muslim", "circa": "", "inSpace": "", "involvedAgent": "", "involved": "", "atTime": "", "atPlace": "", "illustrate": ""}
         ],

 "edges":[{"edgeID":"ee184","fromID":"105","toID":"E105","formEdgeID":null,"text": "describes"},
          {"edgeID":"ee185","fromID":"106","toID":"E106","formEdgeID":null,"text": "describes"},{"edgeID":"ee186","fromID":"107","toID":"E107","formEdgeID":null,"text": "describes"},
          {"edgeID":"ee187","fromID":"108","toID":"E108","formEdgeID":null,"text": "describes"},
          {"edgeID":"ee188","fromID":"109","toID":"E109","formEdgeID":null,"text": "describes"},{"edgeID":"ee189","fromID":"110","toID":"E110","formEdgeID":null,"text": "describes"},
          {"edgeID":"ee190","fromID":"111","toID":"E111","formEdgeID":null,"text": "describes"},{"edgeID":"ee191","fromID":"112","toID":"E112","formEdgeID":null,"text": "describes"},
          {"edgeID":"ee192","fromID":"113","toID":"E113","formEdgeID":null,"text": "describes"},
          {"edgeID":"ee193","fromID":"114","toID":"E114","formEdgeID":null,"text": "describes"},{"edgeID":"ee194","fromID":"115","toID":"E115","formEdgeID":null,"text": "describes"},
          {"edgeID":"ee195","fromID":"116","toID":"E116","formEdgeID":null,"text": "describes"},{"edgeID":"ee196","fromID":"117","toID":"E117","formEdgeID":null,"text": "describes"},
          {"edgeID":"ee197","fromID":"118","toID":"E118","formEdgeID":null,"text": "describes"}
         ],
 
 "locutions":[]}