{"nodes":[{"nodeID":"143","text":"Person X and person Y have had conversations","type":"EventDescription","timestamp":"2021-01-25 13:27:05"},
          {"nodeID":"144","text":"There are links between persons X and person Y","type":"EventDescription","timestamp":"2021-01-25 13:27:05"},
          {"nodeID":"145","text":"Person X and person Y possess documents about the same islamic group","type":"EventDescription","timestamp":"2021-01-25 13:27:05"},
          {"nodeID":"146","text":"Person X and person Y travel from point P1 to point P2","type":"EventDescription","timestamp":"2021-01-25 13:27:05"},   
          {"nodeID":"147","text":"Person X and person Y follow the same path","type":"EventDescription","timestamp":"2021-01-25 13:27:05"},
          
          
          {"nodeID": "E143", "type": "Event", "name": "conversation", "circa": "", "inSpace": "", "involvedAgent": "X", "involvedAgent": "Y", "involved": "", "atTime": "", "atPlace": "", "illustrate": ""},
          {"nodeID": "E144", "type": "Event", "name": "personal relation", "circa": "", "inSpace": "", "involvedAgent": "X","involvedAgent": "Y", "involved": "", "atTime": "", "atPlace": "", "illustrate": ""},
          {"nodeID": "E145", "type": "Event", "name": "possession", "circa": "", "inSpace": "", "involvedAgent": "X", "involvedAgent": "Y", "involved": "documents about islamic group", "atTime": "", "atPlace": "", "illustrate": ""}, 
          {"nodeID": "E146", "type": "Event", "name": "travel", "circa": "", "inSpace": "", "involvedAgent": "X", "involvedAgent": "Y", "involved": "", "atTime": "", "atPlace": "P1", "atPlace": "P2", "illustrate": ""}, 
          {"nodeID": "E147", "type": "Event", "name": "path following", "circa": "", "inSpace": "", "involvedAgent": "X", "involvedAgent": "Y", "involved": "", "atTime": "", "atPlace": "", "illustrate": ""}
         ],

 "edges":[{"edgeID":"ee210","fromID":"143","toID":"E143","formEdgeID":null,"text": "describes"},
          {"edgeID":"ee211","fromID":"144","toID":"E144","formEdgeID":null,"text": "describes"},{"edgeID":"ee212","fromID":"145","toID":"E145","formEdgeID":null,"text": "describes"},
          {"edgeID":"ee213","fromID":"146","toID":"E146","formEdgeID":null,"text": "describes"},
          {"edgeID":"ee214","fromID":"147","toID":"E147","formEdgeID":null,"text": "describes"}
         ],
 
 "locutions":[]}