{"nodes":[{"nodeID":"156","text":"Person X shaves his beard","type":"EventDescription","timestamp":"2021-01-25 13:27:05"},
          {"nodeID":"157","text":"Person X is preparing for an athletic activity","type":"EventDescription","timestamp":"2021-01-25 13:27:05"},
          {"nodeID":"158","text":"Person X does not present a threat for terrorism","type":"EventDescription","timestamp":"2021-01-25 13:27:05"},
          {"nodeID":"159","text":"Person X is not involved in militant activities","type":"EventDescription","timestamp":"2021-01-25 13:27:05"},   
          {"nodeID":"160","text":"Person X is related to islamic groups","type":"EventDescription","timestamp":"2021-01-25 13:27:05"},
          {"nodeID":"161","text":"Person X presents a threat for terrorism","type":"EventDescription","timestamp":"2021-01-25 13:27:05"},
          {"nodeID":"162","text":"Person X is a foreign fighter","type":"EventDescription","timestamp":"2021-01-25 13:27:05"},
          {"nodeID":"163","text":"Person X makes connections with islamic groups","type":"EventDescription","timestamp":"2021-01-25 13:27:05"},
          {"nodeID":"164","text":"Person X is a militant","type":"EventDescription","timestamp":"2021-01-25 13:27:05"},
          
          {"nodeID": "E156", "type": "Event", "name": "beard shaving", "circa": "", "inSpace": "", "involvedAgent": "", "involved": "", "atTime": "", "atPlace": "", "illustrate": ""},
          {"nodeID": "E157", "type": "Event", "name": "athletic activity", "circa": "", "inSpace": "", "involvedAgent": "", "involved": "", "atTime": "", "atPlace": "", "illustrate": ""},
          {"nodeID": "E158", "type": "Event", "name": "no threat for act of terrorism", "circa": "", "inSpace": "", "involvedAgent": "", "involved": "", "atTime": "", "atPlace": "", "illustrate": ""},
          {"nodeID": "E159", "type": "Event", "name": "no involvement in militant activities", "circa": "", "inSpace": "", "involvedAgent": "", "involved": "", "atTime": "", "atPlace": "","atPlace": "", "illustrate": ""}, 
          {"nodeID": "E160", "type": "Event", "name": "relation to islamic groups", "circa": "", "inSpace": "", "involvedAgent": "", "involved": "", "atTime": "", "atPlace": "", "illustrate": ""},
          {"nodeID": "E161", "type": "Event", "name": "threat for act of terrorism", "circa": "", "inSpace": "", "involvedAgent": "", "involved": "", "atTime": "", "atPlace": "", "illustrate": ""},
          {"nodeID": "E162", "type": "Event", "name": "being foreign fighter", "circa": "", "inSpace": "", "involvedAgent": "", "involved": "", "atTime": "", "atPlace": "", "illustrate": ""}, 
          {"nodeID": "E163", "type": "Event", "name": "connections to islamic groups", "circa": "", "inSpace": "", "involvedAgent": "", "involved": "", "atTime": "", "atPlace": "","atPlace": "", "illustrate": ""}, 
          {"nodeID": "E164", "type": "Event", "name": "being militant", "circa": "", "inSpace": "", "involvedAgent": "", "involved": "", "atTime": "", "atPlace": "", "illustrate": ""}
         ],

 "edges":[{"edgeID":"ee240","fromID":"156","toID":"E156","formEdgeID":null,"text": "describes"},
          {"edgeID":"ee241","fromID":"157","toID":"E157","formEdgeID":null,"text": "describes"},{"edgeID":"ee242","fromID":"158","toID":"E158","formEdgeID":null,"text": "describes"},
          {"edgeID":"ee243","fromID":"159","toID":"E159","formEdgeID":null,"text": "describes"},
          {"edgeID":"ee244","fromID":"160","toID":"E160","formEdgeID":null,"text": "describes"},
          {"edgeID":"ee245","fromID":"161","toID":"E161","formEdgeID":null,"text": "describes"},{"edgeID":"ee246","fromID":"162","toID":"E162","formEdgeID":null,"text": "describes"},
          {"edgeID":"ee247","fromID":"163","toID":"E163","formEdgeID":null,"text": "describes"},
          {"edgeID":"ee248","fromID":"164","toID":"E164","formEdgeID":null,"text": "describes"}
         ]
 
 "locutions":[]}