{"nodes":[{"nodeID":"181","text":"There is an influx of islamists/jihadists/foreign fighters into an area A","type":"EventDescription","timestamp":"2021-01-25 13:27:05"},
          {"nodeID":"182","text":"There is militancy in area A","type":"EventDescription","timestamp":"2021-01-25 13:27:05"},
          {"nodeID":"183","text":"Area A is a potential alternative destination for returning islamists/jihadists/foreign fighters","type":"EventDescription","timestamp":"2021-01-25 13:27:05"},
          {"nodeID":"184","text":"Radicals enter into area A","type":"EventDescription","timestamp":"2021-01-25 13:27:05"},   
          {"nodeID":"185","text":"A group of people X follows an illegal route","type":"EventDescription","timestamp":"2021-01-25 13:27:05"},
          {"nodeID":"186","text":"X is a militant group","type":"EventDescription","timestamp":"2021-01-25 13:27:05"},
          {"nodeID":"187","text":"People travel without detection in the area","type":"EventDescription","timestamp":"2021-01-25 13:27:05"},
          
          {"nodeID": "E181", "type": "Event", "name": "influx of islamists/jihadists/foreign fighters", "circa": "", "inSpace": "", "involvedAgent": "", "involved": "", "atTime": "", "atPlace": "", "illustrate": ""},
          {"nodeID": "E182", "type": "Event", "name": "militancy", "circa": "", "inSpace": "", "involvedAgent": "", "involved": "", "atTime": "", "atPlace": "", "illustrate": ""},
          {"nodeID": "E183", "type": "Event", "name": "destination for returning islamists/jihadists/foreign fighters", "circa": "", "inSpace": "", "involvedAgent": "", "involved": "", "atTime": "", "atPlace": "", "illustrate": ""},
          {"nodeID": "E184", "type": "Event", "name": "radicals entrance", "circa": "", "inSpace": "", "involvedAgent": "", "involved": "", "atTime": "", "atPlace": "","atPlace": "", "illustrate": ""}, 
          {"nodeID": "E185", "type": "Event", "name": "illegal route", "circa": "", "inSpace": "", "involvedAgent": "", "involved": "", "atTime": "", "atPlace": "", "illustrate": ""},
          {"nodeID": "E186", "type": "Event", "name": "being militant", "circa": "", "inSpace": "", "involvedAgent": "", "involved": "", "atTime": "", "atPlace": "", "illustrate": ""},
          {"nodeID": "E187", "type": "Event", "name": "travel without detection", "circa": "", "inSpace": "", "involvedAgent": "", "involved": "", "atTime": "", "atPlace": "", "illustrate": ""}
         ],

 "edges":[{"edgeID":"ee263","fromID":"181","toID":"E181","formEdgeID":null,"text": "describes"},
          {"edgeID":"ee264","fromID":"182","toID":"E182","formEdgeID":null,"text": "describes"},{"edgeID":"ee265","fromID":"183","toID":"E183","formEdgeID":null,"text": "describes"},
          {"edgeID":"ee266","fromID":"184","toID":"E184","formEdgeID":null,"text": "describes"},
          {"edgeID":"ee267","fromID":"185","toID":"E185","formEdgeID":null,"text": "describes"},
          {"edgeID":"ee268","fromID":"186","toID":"E186","formEdgeID":null,"text": "describes"},{"edgeID":"ee269","fromID":"187","toID":"E187","formEdgeID":null,"text": "describes"}
         ]
 
 "locutions":[]}