{"nodes":[{"nodeID":"196","text":"Person X works in company C1","type":"EventDescription","timestamp":"2021-01-25 13:27:05"},
          {"nodeID":"197","text":"Person X has connections/links to competitor company","type":"EventDescription","timestamp":"2021-01-25 13:27:05"},
          {"nodeID":"198","text":"Person X is suspect for being involved in corporate espionage","type":"EventDescription","timestamp":"2021-01-25 13:27:05"},
          {"nodeID":"199","text":"Person X has been observed to have conversations with person Y from competitor company","type":"EventDescription","timestamp":"2021-01-25 13:27:05"},   
          {"nodeID":"200","text":"Persons X and Y are friends","type":"EventDescription","timestamp":"2021-01-25 13:27:05"},
          {"nodeID":"201","text":"There is information leak from company C1 to a competitor company C2","type":"EventDescription","timestamp":"2021-01-25 13:27:05"},
          {"nodeID":"202","text":"Person X has unauthorized access to confidential information of his company","type":"EventDescription","timestamp":"2021-01-25 13:27:05"},
          {"nodeID":"203","text":"Person X is a valuable or reliable employee","type":"EventDescription","timestamp":"2021-01-25 13:27:05"},
          {"nodeID":"204","text":"Person X is not suspect for being involved in corporate espionage","type":"EventDescription","timestamp":"2021-01-25 13:27:05"},
          {"nodeID":"205","text":"There are allegations for person X being involved in corporate espionage","type":"EventDescription","timestamp":"2021-01-25 13:27:05"},
          {"nodeID":"206","text":"Person X has been working previously in competitor company","type":"EventDescription","timestamp":"2021-01-25 13:27:05"},   
          {"nodeID":"207","text":"Person X possesses books about startups and technology","type":"EventDescription","timestamp":"2021-01-25 13:27:05"},
          {"nodeID":"208","text":"Person X is planning to a startup","type":"EventDescription","timestamp":"2021-01-25 13:27:05"},
          {"nodeID":"209","text":"There are high value transactions to person X's bank account","type":"EventDescription","timestamp":"2021-01-25 13:27:05"},
          {"nodeID":"210","text":"Person X is attempting to secure funds","type":"EventDescription","timestamp":"2021-01-25 13:27:05"},
          {"nodeID":"211","text":"Anabolic steroids were located in Person X's stuff","type":"EventDescription","timestamp":"2021-01-25 13:27:05"},
          {"nodeID":"212","text":"Person X is using anabolic steroids","type":"EventDescription","timestamp":"2021-01-25 13:27:05"},
          {"nodeID":"213","text":"Person X is interested in body building","type":"EventDescription","timestamp":"2021-01-25 13:27:05"},   
          {"nodeID":"214","text":"Person X has been bullied in workplace","type":"EventDescription","timestamp":"2021-01-25 13:27:05"},
          {"nodeID":"215","text":"There have been observed attempts by person X's colleagues to discredit him","type":"EventDescription","timestamp":"2021-01-25 13:27:05"},
          {"nodeID":"216","text":"Person X has had a high value purchase","type":"EventDescription","timestamp":"2021-01-25 13:27:05"}, 
          {"nodeID":"217","text":"Person X has received a large amount of money","type":"EventDescription","timestamp":"2021-01-25 13:27:05"},
          {"nodeID":"218","text":"Person X's purchase is under a lease or loan","type":"EventDescription","timestamp":"2021-01-25 13:27:05"},   
          {"nodeID":"219","text":"Peerson X shared the purchase with his/her partner","type":"EventDescription","timestamp":"2021-01-25 13:27:05"},
          {"nodeID":"220","text":"Person X received a large heritage","type":"EventDescription","timestamp":"2021-01-25 13:27:05"},  
          
          {"nodeID": "E196", "type": "Event", "name": "working", "circa": "", "inSpace": "", "involvedAgent": "", "involved": "", "atTime": "", "atPlace": "", "illustrate": ""},
          {"nodeID": "E197", "type": "Event", "name": "connections/links/relations to competitor company", "circa": "", "inSpace": "", "involvedAgent": "", "involved": "", "atTime": "", "atPlace": "", "illustrate": ""},
          {"nodeID": "E198", "type": "Event", "name": "involvement in corporate espionage", "circa": "", "inSpace": "", "involvedAgent": "", "involved": "", "atTime": "", "atPlace": "", "illustrate": ""},
          {"nodeID": "E199", "type": "Event", "name": "conversations", "circa": "", "inSpace": "", "involvedAgent": "X","involvedAgent": "Y", "involved": "", "atTime": "", "atPlace": "","atPlace": "", "illustrate": ""}, 
          {"nodeID": "E200", "type": "Event", "name": "being friends", "circa": "", "inSpace": "", "involvedAgent": "X","involvedAgent": "Y", "involved": "", "atTime": "", "atPlace": "", "illustrate": ""},
          {"nodeID": "E201", "type": "Event", "name": "information leak", "circa": "", "inSpace": "", "involvedAgent": "", "involved": "", "atTime": "", "atPlace": "", "illustrate": ""},
          {"nodeID": "E202", "type": "Event", "name": "unauthorized access to confidential information", "circa": "", "inSpace": "", "involvedAgent": "", "involved": "", "atTime": "", "atPlace": "", "illustrate": ""}, 
          {"nodeID": "E203", "type": "Event", "name": "being valuable/reliable employee", "circa": "", "inSpace": "", "involvedAgent": "", "involved": "", "atTime": "", "atPlace": "", "illustrate": ""},
          {"nodeID": "E204", "type": "Event", "name": "no involvement in corporate espionage", "circa": "", "inSpace": "", "involvedAgent": "", "involved": "", "atTime": "", "atPlace": "", "illustrate": ""},
          {"nodeID": "E205", "type": "Event", "name": "allegations for corporate espionage", "circa": "", "inSpace": "", "involvedAgent": "", "involved": "", "atTime": "", "atPlace": "","atPlace": "", "illustrate": ""}, 
          {"nodeID": "E206", "type": "Event", "name": "prior working", "circa": "", "inSpace": "", "involvedAgent": "", "involved": "", "atTime": "", "atPlace": "", "illustrate": ""},
          {"nodeID": "E207", "type": "Event", "name": "possession", "circa": "", "inSpace": "", "involvedAgent": "", "involved": "books about startups and technology", "atTime": "", "atPlace": "", "illustrate": ""},
          {"nodeID": "E208", "type": "Event", "name": "startup planning", "circa": "", "inSpace": "", "involvedAgent": "", "involved": "", "atTime": "", "atPlace": "", "illustrate": ""},
          {"nodeID": "E209", "type": "Event", "name": "high value transactions", "circa": "", "inSpace": "", "involvedAgent": "", "involved": "", "atTime": "", "atPlace": "", "illustrate": ""},
          {"nodeID": "E210", "type": "Event", "name": "fund securing", "circa": "", "inSpace": "", "involvedAgent": "", "involved": "", "atTime": "", "atPlace": "", "illustrate": ""},
          {"nodeID": "E212", "type": "Event", "name": "use of anabolic steroids", "circa": "", "inSpace": "", "involvedAgent": "", "involved": "", "atTime": "", "atPlace": "", "illustrate": ""},
          {"nodeID": "E213", "type": "Event", "name": "interest in body building", "circa": "", "inSpace": "", "involvedAgent": "", "involved": "", "atTime": "", "atPlace": "","atPlace": "", "illustrate": ""}, 
          {"nodeID": "E214", "type": "Event", "name": "workplace bullying", "circa": "", "inSpace": "", "involvedAgent": "", "involved": "", "atTime": "", "atPlace": "", "illustrate": ""},
          {"nodeID": "E215", "type": "Event", "name": "attempt of discredit", "circa": "", "inSpace": "", "involvedAgent": "", "involved": "", "atTime": "", "atPlace": "", "illustrate": ""},
          {"nodeID": "E216", "type": "Event", "name": "high value purchase", "circa": "", "inSpace": "", "involvedAgent": "", "involved": "", "atTime": "", "atPlace": "", "illustrate": ""},
          {"nodeID": "E217", "type": "Event", "name": "large amount of money", "circa": "", "inSpace": "", "involvedAgent": "", "involved": "", "atTime": "", "atPlace": "", "illustrate": ""},
          {"nodeID": "E218", "type": "Event", "name": "lease or loan", "circa": "", "inSpace": "", "involvedAgent": "", "involved": "", "atTime": "", "atPlace": "","atPlace": "", "illustrate": ""}, 
          {"nodeID": "E219", "type": "Event", "name": "shared purchase", "circa": "", "inSpace": "", "involvedAgent": "", "involved": "", "atTime": "", "atPlace": "", "illustrate": ""},
          {"nodeID": "E220", "type": "Event", "name": "large heritage receive", "circa": "", "inSpace": "", "involvedAgent": "", "involved": "", "atTime": "", "atPlace": "", "illustrate": ""}
         ],

 "edges":[{"edgeID":"ee342","fromID":"196","toID":"E196","formEdgeID":null,"text": "describes"},
          {"edgeID":"ee343","fromID":"197","toID":"E197","formEdgeID":null,"text": "describes"},{"edgeID":"ee344","fromID":"198","toID":"E198","formEdgeID":null,"text": "describes"},
          {"edgeID":"ee345","fromID":"199","toID":"E199","formEdgeID":null,"text": "describes"},
          {"edgeID":"ee346","fromID":"200","toID":"E200","formEdgeID":null,"text": "describes"},
          {"edgeID":"ee347","fromID":"201","toID":"E201","formEdgeID":null,"text": "describes"},{"edgeID":"ee348","fromID":"202","toID":"E202","formEdgeID":null,"text": "describes"},{"edgeID":"ee349","fromID":"203","toID":"E203","formEdgeID":null,"text": "describes"},
          {"edgeID":"ee350","fromID":"204","toID":"E204","formEdgeID":null,"text": "describes"},{"edgeID":"ee351","fromID":"205","toID":"E205","formEdgeID":null,"text": "describes"},
          {"edgeID":"ee352","fromID":"206","toID":"E206","formEdgeID":null,"text": "describes"},
          {"edgeID":"ee353","fromID":"207","toID":"E207","formEdgeID":null,"text": "describes"},
          {"edgeID":"ee354","fromID":"208","toID":"E208","formEdgeID":null,"text": "describes"},{"edgeID":"ee355","fromID":"209","toID":"E209","formEdgeID":null,"text": "describes"},{"edgeID":"ee356","fromID":"210","toID":"E210","formEdgeID":null,"text": "describes"},
          {"edgeID":"ee357","fromID":"211","toID":"E211","formEdgeID":null,"text": "describes"},{"edgeID":"ee358","fromID":"212","toID":"E212","formEdgeID":null,"text": "describes"},
          {"edgeID":"ee359","fromID":"213","toID":"E213","formEdgeID":null,"text": "describes"},
          {"edgeID":"ee360","fromID":"214","toID":"E214","formEdgeID":null,"text": "describes"},
          {"edgeID":"ee361","fromID":"215","toID":"E215","formEdgeID":null,"text": "describes"},{"edgeID":"ee362","fromID":"216","toID":"E216","formEdgeID":null,"text": "describes"},
          {"edgeID":"ee363","fromID":"217","toID":"E217","formEdgeID":null,"text": "describes"},
          {"edgeID":"ee364","fromID":"218","toID":"E218","formEdgeID":null,"text": "describes"},
          {"edgeID":"ee365","fromID":"219","toID":"E219","formEdgeID":null,"text": "describes"},{"edgeID":"ee366","fromID":"220","toID":"E220","formEdgeID":null,"text": "describes"}
         ]
 
 "locutions":[]}