{"nodes":[{"nodeID":"1","text":"Person X buys a new house","type":"I","timestamp":"2021-01-25 13:27:05"},
          {"nodeID":"2","text":"Person X has connections to a competitor company","type":"I","timestamp":"2021-01-25 13:27:05"},
          {"nodeID":"3","text":"Person X has access to his/her company's new products","type":"I","timestamp":"2021-01-25 13:27:05"},
          {"nodeID":"4","text":"If someone buys a new house and has connections to competitor company and has access to to his/her company's new products, then he/she is committing corporate espionage","type":"I","timestamp":"2021-01-25 13:27:05"}, 
          {"nodeID":"5","text":"Person X is committing corporate espionage","type":"I","timestamp":"2021-01-25 13:27:05"},
         
          {"nodeID":"6","text":"Default Inference","type":"RA","timestamp":"2021-01-26 09:23:34","scheme":"New house, connections to competitors, access to new products - corporate espionage","schemeID":"72", "CQ": ["Is this evidence enough to prove corporate espionage?"]}],

 "edges":[{"edgeID":"ee1","fromID":"1","toID":"6","formEdgeID":null},
          {"edgeID":"ee2","fromID":"2","toID":"6","formEdgeID":null},
          {"edgeID":"ee3","fromID":"3","toID":"6","formEdgeID":null},
          {"edgeID":"ee4","fromID":"4","toID":"6","formEdgeID":null},
          {"edgeID":"ee5","fromID":"6","toID":"5","formEdgeID":null}],
 
 "locutions":[]}