{"nodes":[{"nodeID":"17","text":"Person X has visited a foreign fighter location","type":"I","timestamp":"2021-01-25 13:27:05"},
          {"nodeID":"18","text":"Person X is on police watchlist","type":"I","timestamp":"2021-01-25 13:27:05"},
          {"nodeID":"19","text":"Person X flies to an FF place from an FF point","type":"I","timestamp":"2021-01-25 13:27:05"},
          
          {"nodeID":"20","text":"Person X is a foreign fighter","type":"I","timestamp":"2021-01-25 13:27:05"},
          {"nodeID":"21","text":"Person X is taking a known foreign fighter route","type":"I","timestamp":"2021-01-25 13:27:05"},
          
          {"nodeID":"22","text":"If someone has visited a foreign fighter location and is on police watchlist, then he/she is a foreign fighter","type":"I","timestamp":"2021-01-25 13:27:05"}, 
          {"nodeID":"23","text":"If someone has visited a foreign fighter location and is on police watchlist and flies to a Foreign Fighter place from a Foreign Fighter point, then he/she is a foreign fighter","type":"I","timestamp":"2021-01-25 13:27:05"}, 
          {"nodeID":"24","text":"If someone is on police watchlist and flies to an FF place from an FF point, then he/she is taking a known foreign fighter route","type":"I","timestamp":"2021-01-25 13:27:05"}, 
          
          
          {"nodeID":"25","text":"Default Inference","type":"RA","timestamp":"2021-01-26 09:23:34","scheme":"Foreign Fighters by Locations and Police watchlist","schemeID":"72", "CQ": ["Is this evidence enough to prove that he is a foreigh fighter?", "Did he actually visit the foreign fighter location?", "Is he actually in police watchlist?"]},
          {"nodeID":"26","text":"Default Inference","type":"RA","timestamp":"2021-01-26 09:23:34","scheme":"Location, Police watchlist, flying - Foreign Fighter","schemeID":"72", "CQ": ["Is this evidence enough to prove that he is a foreigh fighter?", "Did he actually visit the foreign fighter location?","Did he actually travel between these two places?", "Is he actually in police watchlist?"]}, 
          {"nodeID":"27","text":"Default Inference","type":"RA","timestamp":"2021-01-26 09:23:34","scheme":"Police watchlist, flying - Foreign fighter route","schemeID":"72", "CQ": ["Is this evidence enough to prove that he is taking a foreigh fighter route?", "Did he actually travel between these two places?"] }],

 "edges":[{"edgeID":"ee26","fromID":"17","toID":"25","formEdgeID":null},
          {"edgeID":"ee27","fromID":"18","toID":"25","formEdgeID":null},
          {"edgeID":"ee28","fromID":"22","toID":"25","formEdgeID":null},
          {"edgeID":"ee29","fromID":"25","toID":"20","formEdgeID":null}, 
         
          {"edgeID":"ee30","fromID":"17","toID":"26","formEdgeID":null},
          {"edgeID":"ee31","fromID":"18","toID":"26","formEdgeID":null},
          {"edgeID":"ee32","fromID":"19","toID":"26","formEdgeID":null},
          {"edgeID":"ee33","fromID":"23","toID":"26","formEdgeID":null}, 
          {"edgeID":"ee34","fromID":"26","toID":"20","formEdgeID":null}, 
          
          {"edgeID":"ee35","fromID":"18","toID":"27","formEdgeID":null},
          {"edgeID":"ee36","fromID":"19","toID":"27","formEdgeID":null},
          {"edgeID":"ee37","fromID":"24","toID":"27","formEdgeID":null},
          {"edgeID":"ee38","fromID":"27","toID":"20","formEdgeID":null}, 
          
         ],
 
 "locutions":[]}