{"nodes":[{"nodeID":"28","text":"Person X is a member of a charity","type":"I","timestamp":"2021-01-25 13:27:05"},
          {"nodeID":"29","text":"Person X flies regularly to a place Y","type":"I","timestamp":"2021-01-25 13:27:05"},
          {"nodeID":"30","text":"Person X has phone conversations with people in place Y","type":"I","timestamp":"2021-01-25 13:27:05"},
          
          {"nodeID":"31","text":"Person X is not a foreign fighter","type":"I","timestamp":"2021-01-25 13:27:05"},
          {"nodeID":"32","text":"Person X is not taking a known foreign fighter route","type":"I","timestamp":"2021-01-25 13:27:05"},
          
          {"nodeID":"33","text":"If someone is a member of a charity, then he/she is not a foreign fighter","type":"I","timestamp":"2021-01-25 13:27:05"}, 
          {"nodeID":"34","text":"If someone is a member of a charity and flies regularly to a place Y, then he/she is not taking a known foreign fighter route","type":"I","timestamp":"2021-01-25 13:27:05"}, 
          {"nodeID":"35","text":"If someone is a member of a charity and flies regularly to a place Y and has phone conversations with people in place Y, then he/she is not a foreign fighter","type":"I","timestamp":"2021-01-25 13:27:05"}, 
          {"nodeID":"36","text":"If someone has phone conversations with people in place Y, then he/she is not taking a known foreign fighter route","type":"I","timestamp":"2021-01-25 13:27:05"},
          
          
          {"nodeID":"37","text":"Default Inference","type":"RA","timestamp":"2021-01-26 09:23:34","scheme":"Charity member - not foreign fighter","schemeID":"72", "CQ": ["Is this evidence enough to prove that he is not a foreigh fighter?", "Is he actually a charity member?", "How being member of a charity excludes being a foreign fighter?"]},
          {"nodeID":"38","text":"Default Inference","type":"RA","timestamp":"2021-01-26 09:23:34","scheme":"Charity member, travelling - no foreign fighter route","schemeID":"72", "CQ": ["Is this evidence enough to prove that he is not taking a foreigh fighter route?", "Is he actually a charity member?", "Is he actually flying regularly to this place?", "How these bits of evidence exclude the chance of taking a foreign fighter route?"]}, 
          {"nodeID":"39","text":"Default Inference","type":"RA","timestamp":"2021-01-26 09:23:34","scheme":"Charity member, travelling, conversations - no foreign fighter","schemeID":"72", "CQ": ["Is this evidence enough to prove that he is not a foreigh fighter?", "Is he actually a charity member?", "Is he actually flying regularly to this place?", "Did he actually have these conversations?", "How these bits of evidence exclude the chance of him being a foreign fighter?"]},
          {"nodeID":"40","text":"Default Inference","type":"RA","timestamp":"2021-01-26 09:23:34","scheme":"Phone conversations - no foreign fighter route","schemeID":"72", "CQ": ["Is this evidence enough to prove that he is not taking a foreigh fighter route?", "Did he actually have these conversations?", "How these bits of evidence exclude the chance of him taking a foreign fighter route?"]}, 
         
          {"nodeID":"41","text":"Default Conflict","type":"CA","timestamp":"2021-01-26 09:29:00","scheme":"Default Conflict","schemeID":"71"}, 
          {"nodeID":"42","text":"Default Conflict","type":"CA","timestamp":"2021-01-26 09:29:00","scheme":"Default Conflict","schemeID":"71"},
          {"nodeID":"43","text":"Default Conflict","type":"CA","timestamp":"2021-01-26 09:29:00","scheme":"Default Conflict","schemeID":"71"},
          {"nodeID":"44","text":"Default Conflict","type":"CA","timestamp":"2021-01-26 09:29:00","scheme":"Default Conflict","schemeID":"71"}
         
         ],

 "edges":[{"edgeID":"ee44","fromID":"28","toID":"37","formEdgeID":null},
          {"edgeID":"ee45","fromID":"33","toID":"37","formEdgeID":null},
          {"edgeID":"ee46","fromID":"37","toID":"31","formEdgeID":null},
          
          {"edgeID":"ee47","fromID":"28","toID":"38","formEdgeID":null}, 
          {"edgeID":"ee48","fromID":"29","toID":"38","formEdgeID":null},
          {"edgeID":"ee49","fromID":"34","toID":"38","formEdgeID":null},
          {"edgeID":"ee50","fromID":"38","toID":"32","formEdgeID":null},
          
          {"edgeID":"ee51","fromID":"28","toID":"39","formEdgeID":null}, 
          {"edgeID":"ee52","fromID":"29","toID":"39","formEdgeID":null}, 
          {"edgeID":"ee53","fromID":"30","toID":"39","formEdgeID":null},
          {"edgeID":"ee54","fromID":"35","toID":"39","formEdgeID":null},
          {"edgeID":"ee55","fromID":"39","toID":"31","formEdgeID":null},
          
          {"edgeID":"ee56","fromID":"30","toID":"40","formEdgeID":null}, 
          {"edgeID":"ee57","fromID":"36","toID":"40","formEdgeID":null}, 
          {"edgeID":"ee58","fromID":"40","toID":"32","formEdgeID":null}, 
          
          {"edgeID":"ee59","fromID":"20","toID":"41","formEdgeID":null}, 
          {"edgeID":"ee60","fromID":"41","toID":"31","formEdgeID":null},
          {"edgeID":"ee61","fromID":"31","toID":"42","formEdgeID":null}, 
          {"edgeID":"ee62","fromID":"42","toID":"20","formEdgeID":null},
          
          {"edgeID":"ee63","fromID":"21","toID":"43","formEdgeID":null}, 
          {"edgeID":"ee64","fromID":"43","toID":"32","formEdgeID":null},
          {"edgeID":"ee65","fromID":"32","toID":"44","formEdgeID":null}, 
          {"edgeID":"ee66","fromID":"44","toID":"21","formEdgeID":null}
          
         ],
 
 "locutions":[]}